                  epoch,         train/box_loss,         train/cls_loss,         train/dfl_loss,   metrics/precision(B),      metrics/recall(B),       metrics/mAP50(B),    metrics/mAP50-95(B),           val/box_loss,           val/cls_loss,           val/dfl_loss,                 lr/pg0,                 lr/pg1,                 lr/pg2
                      1,                0.77364,                 3.5367,                 1.3519,                0.51214,                0.32572,                0.28511,                0.25386,                0.58862,                 1.9881,                 1.2741,               0.003322,               0.003322,               0.003322
                      2,                 0.6718,                 2.0161,                 1.2162,                0.52629,                0.53455,                 0.5073,                0.44108,                 0.6469,                 1.5591,                   1.36,              0.0066422,              0.0066422,              0.0066422
                      3,                0.71532,                 1.7382,                 1.2397,                0.58874,                 0.5543,                0.56753,                 0.4835,                0.66986,                 1.4426,                 1.3955,              0.0099491,              0.0099491,              0.0099491
                      4,                0.74079,                 1.6113,                 1.2484,                0.68978,                0.53388,                0.64308,                0.55121,                0.66773,                 1.2193,                 1.3754,              0.0099406,              0.0099406,              0.0099406
                      5,                0.71918,                 1.4705,                 1.2316,                0.67749,                0.60723,                0.68655,                0.60498,                0.58059,                 1.0471,                 1.2653,              0.0099406,              0.0099406,              0.0099406
                      6,                 0.6918,                 1.3589,                 1.2043,                0.58172,                0.73171,                0.69425,                0.61232,                 0.5744,                0.98428,                 1.2505,              0.0099208,              0.0099208,              0.0099208
                      7,                0.66645,                 1.2559,                 1.1875,                0.72477,                0.64293,                0.75881,                0.66683,                0.57132,                0.90881,                 1.2627,               0.009901,               0.009901,               0.009901
                      8,                0.65697,                 1.2306,                 1.1921,                0.73768,                0.72164,                0.76302,                0.68925,                0.53444,                 0.7869,                 1.1835,              0.0098812,              0.0098812,              0.0098812
                      9,                0.63656,                  1.159,                 1.1685,                  0.748,                0.75141,                0.77569,                0.70641,                0.51391,                0.71165,                 1.1693,              0.0098614,              0.0098614,              0.0098614
                     10,                0.62278,                 1.1087,                 1.1618,                0.70519,                0.74141,                0.81201,                0.72422,                 0.5426,                  0.778,                 1.2112,              0.0098416,              0.0098416,              0.0098416
                     11,                0.61229,                 1.0804,                 1.1555,                0.72796,                0.80307,                0.83513,                0.75835,                0.51301,                0.64482,                 1.1467,              0.0098218,              0.0098218,              0.0098218
                     12,                0.60181,                 1.0388,                 1.1482,                0.81115,                0.74695,                0.83061,                0.75551,                0.49398,                0.62715,                 1.1346,               0.009802,               0.009802,               0.009802
                     13,                0.59203,                 1.0115,                  1.138,                0.78165,                0.81316,                0.85429,                  0.779,                 0.4726,                 0.5662,                 1.1084,              0.0097822,              0.0097822,              0.0097822
                     14,                0.58575,                0.99348,                 1.1346,                0.75186,                0.82901,                 0.8658,                0.79304,                0.48963,                 0.5646,                  1.116,              0.0097624,              0.0097624,              0.0097624
                     15,                0.57965,                0.96525,                 1.1316,                0.79282,                0.83387,                 0.8577,                 0.7821,                0.48179,                 0.5495,                 1.1199,              0.0097426,              0.0097426,              0.0097426
                     16,                 0.5673,                0.94561,                 1.1228,                0.76289,                0.85668,                 0.8758,                0.81226,                0.45887,                0.50521,                 1.0832,              0.0097228,              0.0097228,              0.0097228
                     17,                 0.5658,                0.92574,                 1.1216,                0.77921,                0.86582,                0.88101,                0.80988,                0.47022,                0.50373,                 1.1125,               0.009703,               0.009703,               0.009703
                     18,                0.56836,                0.91048,                 1.1213,                0.76474,                0.88928,                0.88387,                0.81929,                0.44577,                0.50927,                 1.0689,              0.0096832,              0.0096832,              0.0096832
                     19,                0.54819,                0.90035,                 1.1112,                0.72398,                0.89843,                0.87163,                0.80673,                0.46137,                0.49373,                 1.0939,              0.0096634,              0.0096634,              0.0096634
                     20,                 0.5525,                0.88935,                 1.1141,                0.79306,                0.87378,                0.89803,                0.83512,                0.44551,                0.44992,                 1.0594,              0.0096436,              0.0096436,              0.0096436
                     21,                0.54777,                0.87239,                 1.1128,                0.78379,                0.87532,                0.88448,                0.82107,                0.45644,                0.49964,                 1.0797,              0.0096238,              0.0096238,              0.0096238
                     22,                0.53792,                0.85964,                 1.1062,                0.76993,                0.91314,                0.90111,                  0.836,                0.44659,                0.43354,                  1.067,               0.009604,               0.009604,               0.009604
                     23,                0.53446,                  0.836,                 1.1001,                0.79427,                0.91038,                0.90402,                0.84445,                 0.4648,                0.44569,                 1.0988,              0.0095842,              0.0095842,              0.0095842
                     24,                 0.5341,                0.83965,                 1.0988,                0.82307,                0.89638,                0.90685,                0.84487,                0.46643,                0.44712,                 1.1071,              0.0095644,              0.0095644,              0.0095644
                     25,                0.52166,                0.82051,                  1.093,                0.78586,                0.92392,                0.91598,                 0.8571,                0.42216,                 0.4072,                 1.0338,              0.0095446,              0.0095446,              0.0095446
                     26,                0.51683,                0.81503,                 1.0951,                0.76223,                 0.9193,                0.88756,                0.82921,                0.43289,                0.43228,                 1.0526,              0.0095248,              0.0095248,              0.0095248
                     27,                0.51543,                0.81163,                  1.093,                0.80095,                0.89835,                0.90033,                0.84076,                 0.4359,                0.39808,                 1.0544,               0.009505,               0.009505,               0.009505
                     28,                0.51952,                0.80717,                 1.0966,                0.77689,                0.91054,                0.89532,                0.84005,                0.42073,                0.40717,                 1.0358,              0.0094852,              0.0094852,              0.0094852
                     29,                0.51272,                0.79784,                 1.0899,                0.80032,                0.90746,                0.90934,                0.85106,                0.41914,                0.39586,                 1.0397,              0.0094654,              0.0094654,              0.0094654
                     30,                0.50916,                0.78599,                 1.0883,                0.81767,                0.89646,                0.91364,                0.86069,                0.42345,                0.38971,                 1.0359,              0.0094456,              0.0094456,              0.0094456
                     31,                0.50981,                0.76755,                 1.0918,                0.81715,                0.89626,                0.89935,                0.83728,                0.43671,                0.43066,                 1.0541,              0.0094258,              0.0094258,              0.0094258
                     32,                0.49929,                0.75954,                 1.0816,                 0.8175,                0.89922,                0.92503,                0.86878,                0.42372,                0.40713,                 1.0341,               0.009406,               0.009406,               0.009406
                     33,                 0.4953,                0.76497,                 1.0805,                 0.8346,                0.92356,                0.92273,                0.86707,                0.43681,                0.39057,                 1.0642,              0.0093862,              0.0093862,              0.0093862
                     34,                 0.5014,                 0.7597,                 1.0842,                0.83898,                 0.8872,                 0.9106,                0.84536,                0.43257,                0.40545,                 1.0579,              0.0093664,              0.0093664,              0.0093664
                     35,                0.49148,                0.74528,                 1.0737,                0.82181,                0.90436,                 0.9131,                 0.8614,                0.41316,                0.37109,                 1.0324,              0.0093466,              0.0093466,              0.0093466
                     36,                0.49505,                0.73355,                 1.0746,                 0.8299,                0.88764,                0.90871,                0.85826,                0.41816,                0.37834,                 1.0354,              0.0093268,              0.0093268,              0.0093268
                     37,                0.49219,                0.74463,                 1.0778,                0.78426,                 0.9393,                0.91073,                0.85431,                0.41928,                0.37304,                 1.0405,               0.009307,               0.009307,               0.009307
                     38,                0.49313,                0.73648,                 1.0762,                0.82233,                0.95098,                0.93394,                0.87823,                0.41358,                0.35366,                  1.023,              0.0092872,              0.0092872,              0.0092872
                     39,                0.48622,                0.72143,                 1.0752,                0.84798,                0.91472,                0.92555,                0.87169,                 0.4106,                0.34041,                 1.0214,              0.0092674,              0.0092674,              0.0092674
                     40,                0.47866,                 0.7203,                 1.0695,                0.85181,                0.90707,                0.92069,                0.86914,                0.41453,                0.36578,                 1.0252,              0.0092476,              0.0092476,              0.0092476
                     41,                0.48315,                0.71107,                 1.0677,                0.79627,                0.93394,                0.92373,                0.86871,                0.41183,                0.35984,                  1.025,              0.0092278,              0.0092278,              0.0092278
                     42,                0.47637,                0.70665,                  1.068,                0.81622,                0.91195,                0.92094,                0.87202,                 0.3932,                 0.3441,                 1.0062,               0.009208,               0.009208,               0.009208
                     43,                0.47236,                0.69192,                 1.0637,                 0.8608,                0.90164,                0.92186,                0.87574,                0.39322,                0.32642,                 1.0013,              0.0091882,              0.0091882,              0.0091882
                     44,                0.47354,                0.70235,                 1.0655,                0.84551,                0.93268,                 0.9233,                0.87311,                0.40462,                0.33735,                  1.019,              0.0091684,              0.0091684,              0.0091684
                     45,                0.47341,                0.70311,                 1.0648,                0.81047,                0.93533,                0.92491,                0.87394,                0.40265,                0.34749,                 1.0124,              0.0091486,              0.0091486,              0.0091486
                     46,                0.46419,                0.70141,                 1.0595,                 0.8283,                0.92536,                0.92025,                0.87123,                0.39718,                 0.3237,                 1.0095,              0.0091288,              0.0091288,              0.0091288
                     47,                0.46578,                0.68603,                 1.0577,                0.81961,                0.96925,                0.94195,                0.89386,                0.38929,                0.31464,                 1.0046,               0.009109,               0.009109,               0.009109
                     48,                0.45776,                0.67784,                 1.0556,                0.81595,                0.96476,                0.94026,                0.89435,                0.38885,                0.32253,                0.99674,              0.0090892,              0.0090892,              0.0090892
                     49,                0.46316,                 0.6714,                 1.0564,                0.81252,                0.95198,                0.93391,                0.88863,                0.39593,                0.32995,                 1.0124,              0.0090694,              0.0090694,              0.0090694
                     50,                0.46081,                0.68433,                 1.0559,                0.82052,                0.95877,                0.94533,                 0.9014,                0.38787,                0.31796,                0.99808,              0.0090496,              0.0090496,              0.0090496
                     51,                0.45657,                0.66336,                 1.0496,                0.82538,                 0.9712,                0.94182,                0.88818,                0.38861,                0.29629,                0.99579,              0.0090298,              0.0090298,              0.0090298
                     52,                 0.4581,                0.66157,                 1.0535,                0.82165,                0.94622,                0.93334,                0.88661,                0.38618,                0.32371,                0.99355,                0.00901,                0.00901,                0.00901
                     53,                0.45393,                0.65972,                 1.0513,                 0.8052,                0.95817,                0.92175,                0.87498,                0.38692,                0.33383,                 1.0021,              0.0089902,              0.0089902,              0.0089902
                     54,                 0.4497,                 0.6582,                  1.051,                0.82629,                0.94642,                0.92619,                0.88525,                0.37576,                0.30978,                0.98132,              0.0089704,              0.0089704,              0.0089704
                     55,                0.44858,                0.63922,                 1.0512,                 0.8489,                0.91835,                0.92975,                0.88691,                0.39784,                0.31432,                  1.004,              0.0089506,              0.0089506,              0.0089506
                     56,                0.45122,                0.64259,                 1.0491,                 0.8516,                0.93058,                0.94079,                0.89647,                 0.3802,                0.32399,                0.98978,              0.0089308,              0.0089308,              0.0089308
                     57,                0.45219,                0.64817,                 1.0462,                 0.8224,                0.94809,                0.94175,                0.89854,                0.37498,                0.29475,                0.98002,               0.008911,               0.008911,               0.008911
                     58,                0.44563,                0.63836,                 1.0461,                0.84178,                0.94928,                0.94451,                0.90127,                0.37805,                0.30771,                0.98573,              0.0088912,              0.0088912,              0.0088912
                     59,                 0.4474,                0.63941,                 1.0514,                0.85152,                0.95316,                0.94493,                0.90016,                0.37207,                0.30389,                0.98437,              0.0088714,              0.0088714,              0.0088714
                     60,                0.44067,                0.64498,                 1.0435,                0.84831,                0.93288,                 0.9351,                0.89469,                0.36692,                0.29947,                0.97532,              0.0088516,              0.0088516,              0.0088516
                     61,                0.44139,                 0.6346,                 1.0461,                0.84827,                0.96727,                0.94221,                0.90082,                0.37241,                0.29114,                0.98113,              0.0088318,              0.0088318,              0.0088318
                     62,                 0.4451,                0.63603,                 1.0467,                0.86003,                 0.9495,                0.94992,                0.90923,                0.36217,                0.28066,                0.96685,               0.008812,               0.008812,               0.008812
                     63,                0.43518,                0.63579,                 1.0397,                0.84603,                 0.9395,                0.93391,                0.89439,                0.36875,                0.29743,                0.97445,              0.0087922,              0.0087922,              0.0087922
                     64,                0.43871,                0.61814,                 1.0415,                0.84869,                0.94678,                0.94559,                0.90582,                0.36976,                0.28533,                0.97423,              0.0087724,              0.0087724,              0.0087724
                     65,                0.43351,                0.61196,                 1.0389,                0.85823,                0.95601,                0.94756,                0.90788,                0.36046,                 0.2789,                0.96672,              0.0087526,              0.0087526,              0.0087526
                     66,                0.43412,                0.61417,                 1.0437,                0.86605,                0.94458,                0.94234,                0.90038,                0.37119,                0.28783,                0.97057,              0.0087328,              0.0087328,              0.0087328
                     67,                0.43005,                0.62175,                 1.0357,                0.87539,                0.93409,                0.95683,                0.91593,                0.37081,                0.26988,                 0.9757,               0.008713,               0.008713,               0.008713
                     68,                0.43643,                0.62463,                 1.0398,                 0.8603,                0.95691,                0.95021,                0.91345,                0.36114,                0.27833,                0.96816,              0.0086932,              0.0086932,              0.0086932
                     69,                0.43279,                0.61893,                 1.0389,                0.85292,                0.95791,                0.94297,                0.90025,                0.36303,                0.28636,                0.97069,              0.0086734,              0.0086734,              0.0086734
                     70,                0.42979,                0.61013,                 1.0392,                0.83687,                0.95094,                0.94925,                0.90937,                0.36693,                0.28219,                 0.9706,              0.0086536,              0.0086536,              0.0086536
                     71,                0.41648,                0.59758,                 1.0327,                0.84312,                0.96185,                0.94561,                0.90343,                0.36242,                0.27698,                0.96969,              0.0086338,              0.0086338,              0.0086338
                     72,                0.42637,                0.59801,                 1.0327,                0.84824,                0.96437,                0.95756,                 0.9147,                0.36874,                0.26906,                0.98136,               0.008614,               0.008614,               0.008614
                     73,                0.41836,                0.59703,                 1.0336,                 0.8567,                0.93026,                0.93996,                0.90197,                0.35514,                 0.2766,                0.96366,              0.0085942,              0.0085942,              0.0085942
                     74,                0.42221,                0.59677,                  1.035,                0.87573,                 0.9434,                0.94593,                0.90585,                0.36106,                0.26834,                0.97006,              0.0085744,              0.0085744,              0.0085744
                     75,                0.42095,                 0.6051,                 1.0341,                 0.8534,                 0.9624,                0.94368,                0.90363,                0.36348,                0.27464,                0.97588,              0.0085546,              0.0085546,              0.0085546
                     76,                0.42191,                0.60317,                 1.0362,                0.86726,                0.94858,                 0.9409,                0.90117,                0.36327,                0.28517,                0.96863,              0.0085348,              0.0085348,              0.0085348
                     77,                0.41762,                0.60143,                 1.0305,                0.86307,                0.95141,                0.94449,                0.90874,                0.34338,                0.26367,                0.94765,               0.008515,               0.008515,               0.008515
                     78,                0.41771,                0.60423,                 1.0301,                0.86524,                0.94839,                0.94796,                0.90992,                0.35236,                0.26322,                0.95907,              0.0084952,              0.0084952,              0.0084952
                     79,                0.41778,                0.58481,                  1.026,                0.87966,                0.94161,                0.94798,                0.90849,                0.35925,                0.26247,                0.96527,              0.0084754,              0.0084754,              0.0084754
                     80,                0.41615,                0.58057,                 1.0296,                0.85197,                0.98172,                0.95671,                0.92294,                0.35538,                0.26112,                0.96224,              0.0084556,              0.0084556,              0.0084556
                     81,                0.40547,                0.58017,                 1.0225,                0.87914,                0.93095,                0.94213,                0.90466,                0.35216,                0.26327,                 0.9558,              0.0084358,              0.0084358,              0.0084358
                     82,                0.41656,                0.58328,                 1.0302,                0.83967,                0.96871,                0.94784,                0.91379,                0.34666,                0.25543,                0.95191,               0.008416,               0.008416,               0.008416
                     83,                0.41358,                0.58198,                 1.0291,                  0.846,                0.96174,                0.94583,                0.90838,                0.35095,                0.25806,                0.95388,              0.0083962,              0.0083962,              0.0083962
                     84,                0.40922,                0.57284,                 1.0268,                0.85646,                0.95315,                0.94478,                0.90927,                0.34506,                0.25711,                0.94796,              0.0083764,              0.0083764,              0.0083764
                     85,                0.40996,                 0.5736,                 1.0264,                0.85762,                0.96671,                0.94363,                 0.9066,                0.33969,                0.25743,                0.94136,              0.0083566,              0.0083566,              0.0083566
                     86,                0.40236,                0.56163,                 1.0179,                0.86823,                0.96323,                0.95231,                0.91728,                0.33971,                0.25018,                0.94157,              0.0083368,              0.0083368,              0.0083368
                     87,                0.40835,                0.56912,                  1.023,                0.85048,                0.97074,                0.95002,                0.91389,                0.34441,                0.25259,                0.95064,               0.008317,               0.008317,               0.008317
                     88,                0.40445,                0.55495,                 1.0232,                0.85218,                0.96424,                0.94716,                0.91416,                0.33893,                0.24571,                0.94471,              0.0082972,              0.0082972,              0.0082972
                     89,                0.40403,                0.57809,                 1.0251,                0.83985,                0.97201,                0.94638,                0.90982,                0.34478,                0.25851,                 0.9513,              0.0082774,              0.0082774,              0.0082774
                     90,                0.40448,                0.56487,                 1.0233,                0.83927,                0.96946,                0.94799,                0.91353,                0.34244,                0.25555,                0.94892,              0.0082576,              0.0082576,              0.0082576
                     91,                0.40192,                0.56375,                 1.0203,                 0.8525,                0.97727,                 0.9463,                0.90976,                0.34616,                0.24958,                0.95286,              0.0082378,              0.0082378,              0.0082378
                     92,                0.40007,                0.56979,                 1.0212,                0.87532,                 0.9558,                0.94566,                0.91214,                 0.3426,                0.25785,                0.94839,               0.008218,               0.008218,               0.008218
                     93,                0.39915,                0.56335,                 1.0213,                0.88492,                0.95456,                0.95008,                0.91567,                0.33682,                0.24662,                  0.941,              0.0081982,              0.0081982,              0.0081982
                     94,                0.39928,                0.56187,                 1.0199,                0.86759,                0.95832,                 0.9514,                0.91503,                0.33755,                0.25386,                0.94444,              0.0081784,              0.0081784,              0.0081784
                     95,                0.39448,                0.55646,                 1.0166,                0.87224,                0.94038,                0.95006,                0.91476,                0.33724,                0.25054,                0.94044,              0.0081586,              0.0081586,              0.0081586
                     96,                 0.3973,                0.56083,                 1.0219,                0.86699,                0.96278,                0.95512,                0.92433,                0.33613,                0.25078,                0.94238,              0.0081388,              0.0081388,              0.0081388
                     97,                0.38817,                0.56215,                 1.0191,                0.87541,                 0.9288,                0.94581,                0.91242,                0.33511,                0.25503,                0.94067,               0.008119,               0.008119,               0.008119
                     98,                0.39317,                0.53934,                 1.0163,                 0.8535,                0.95399,                0.94273,                0.91075,                0.33031,                0.25072,                0.93409,              0.0080992,              0.0080992,              0.0080992
                     99,                0.39034,                0.54647,                 1.0169,                0.86264,                0.95166,                0.94765,                 0.9143,                0.33113,                0.25157,                0.93512,              0.0080794,              0.0080794,              0.0080794
                    100,                0.39198,                0.55935,                 1.0167,                0.86099,                0.96421,                0.94863,                0.91654,                0.33409,                0.25138,                0.93867,              0.0080596,              0.0080596,              0.0080596
                    101,                0.38567,                0.54012,                 1.0099,                0.86376,                0.95605,                0.95172,                0.92026,                0.33089,                0.24426,                0.93423,              0.0080398,              0.0080398,              0.0080398
                    102,                0.38964,                0.54602,                 1.0106,                0.86777,                0.95074,                0.94889,                0.91759,                0.33089,                0.24791,                0.93269,                0.00802,                0.00802,                0.00802
                    103,                0.39051,                0.54707,                 1.0145,                0.87882,                0.94335,                0.95818,                0.92524,                0.33181,                0.24104,                0.93676,              0.0080002,              0.0080002,              0.0080002
                    104,                0.38419,                0.54314,                 1.0118,                0.87265,                0.95753,                0.95701,                0.92589,                0.32612,                0.23248,                0.92818,              0.0079804,              0.0079804,              0.0079804
                    105,                0.38055,                0.54048,                 1.0111,                 0.8696,                0.95752,                0.95624,                0.92563,                0.32327,                0.23598,                0.92982,              0.0079606,              0.0079606,              0.0079606
                    106,                0.37866,                0.53629,                 1.0094,                0.86848,                0.95596,                0.95231,                0.92267,                0.32232,                0.24048,                0.92821,              0.0079408,              0.0079408,              0.0079408
                    107,                0.38235,                0.53448,                 1.0142,                0.84964,                0.96911,                0.95297,                0.92006,                0.33058,                0.24183,                0.93778,               0.007921,               0.007921,               0.007921
                    108,                0.37689,                0.53261,                 1.0113,                0.85422,                0.97902,                0.95253,                0.92173,                0.32501,                0.23659,                0.92838,              0.0079012,              0.0079012,              0.0079012
                    109,                0.38211,                0.52517,                 1.0106,                0.87906,                0.94248,                0.95168,                0.91962,                0.32739,                0.23797,                0.93352,              0.0078814,              0.0078814,              0.0078814
                    110,                0.38176,                0.53896,                  1.012,                0.86857,                  0.959,                0.94907,                0.91829,                0.32967,                0.24417,                 0.9365,              0.0078616,              0.0078616,              0.0078616
                    111,                0.37275,                0.53141,                 1.0062,                0.85539,                0.96361,                0.94819,                0.91706,                0.32638,                0.23857,                0.92961,              0.0078418,              0.0078418,              0.0078418
                    112,                0.37482,                0.52622,                 1.0094,                0.86153,                0.95655,                0.95254,                0.92488,                0.32427,                0.24056,                0.92733,               0.007822,               0.007822,               0.007822
                    113,                0.37824,                 0.5086,                 1.0073,                0.88904,                0.93416,                0.95089,                 0.9213,                 0.3217,                0.24562,                0.92493,              0.0078022,              0.0078022,              0.0078022
                    114,                0.37369,                0.53246,                 1.0097,                0.88333,                0.93295,                0.95309,                0.92544,                0.32161,                0.23747,                0.92335,              0.0077824,              0.0077824,              0.0077824
                    115,                 0.3689,                0.52185,                 1.0036,                0.87936,                0.96027,                0.96066,                0.93376,                0.31747,                0.23642,                0.91929,              0.0077626,              0.0077626,              0.0077626
                    116,                0.36986,                0.51974,                 1.0047,                0.90999,                0.92951,                 0.9593,                0.93216,                0.31724,                0.23429,                0.92077,              0.0077428,              0.0077428,              0.0077428
                    117,                0.36782,                0.51898,                 1.0035,                0.85982,                0.96657,                0.94881,                0.92131,                0.31917,                0.23586,                0.92221,               0.007723,               0.007723,               0.007723
                    118,                0.36855,                0.51635,                 1.0026,                0.89029,                0.93013,                0.94595,                0.91746,                0.31844,                0.23291,                0.92025,              0.0077032,              0.0077032,              0.0077032
                    119,                0.36687,                0.50942,                 1.0015,                0.89196,                0.93884,                0.94897,                0.92169,                0.31758,                0.23385,                0.91824,              0.0076834,              0.0076834,              0.0076834
                    120,                0.36836,                0.51404,                 1.0033,                0.88653,                0.94035,                0.95366,                0.92691,                0.31403,                0.23214,                0.91555,              0.0076636,              0.0076636,              0.0076636
                    121,                0.36666,                0.51965,                 1.0004,                0.88066,                0.95391,                0.95174,                0.92508,                0.31208,                0.23054,                0.91576,              0.0076438,              0.0076438,              0.0076438
                    122,                0.37035,                 0.5157,                 1.0038,                0.88052,                0.93829,                0.95552,                 0.9285,                0.31389,                0.23163,                0.91531,               0.007624,               0.007624,               0.007624
                    123,                0.36189,                0.50854,                 1.0032,                0.86689,                0.96214,                0.95189,                0.92433,                0.31273,                0.23184,                0.91553,              0.0076042,              0.0076042,              0.0076042
                    124,                0.36164,                0.51383,                0.99962,                0.87282,                0.95371,                0.95075,                0.92519,                0.31562,                0.23115,                0.92032,              0.0075844,              0.0075844,              0.0075844
                    125,                0.35973,                0.49961,                0.99662,                0.87566,                0.94263,                0.94928,                0.92286,                0.31213,                0.23286,                 0.9145,              0.0075646,              0.0075646,              0.0075646
                    126,                0.36012,                0.50217,                 0.9968,                0.87091,                 0.9508,                0.94911,                0.92388,                0.31132,                0.23337,                0.91495,              0.0075448,              0.0075448,              0.0075448
                    127,                0.35547,                0.49735,                0.99842,                0.87336,                0.96035,                0.95073,                0.92479,                0.30985,                0.23741,                0.91324,               0.007525,               0.007525,               0.007525
                    128,                0.35498,                0.48556,                0.99395,                0.86935,                0.95321,                0.94608,                0.91953,                0.31231,                0.23572,                0.91601,              0.0075052,              0.0075052,              0.0075052
                    129,                0.36379,                0.49721,                0.99473,                 0.8678,                0.95593,                0.94896,                0.92379,                0.31225,                0.23505,                0.91575,              0.0074854,              0.0074854,              0.0074854
                    130,                0.35024,                0.49473,                 0.9956,                0.86503,                0.96557,                0.94766,                0.92331,                0.31117,                 0.2314,                 0.9134,              0.0074656,              0.0074656,              0.0074656
                    131,                0.35452,                 0.4976,                 1.0014,                0.87224,                0.94818,                0.94925,                0.92378,                0.30824,                 0.2315,                 0.9093,              0.0074458,              0.0074458,              0.0074458
                    132,                0.35464,                 0.5012,                0.99479,                  0.873,                0.94544,                0.94836,                0.92359,                 0.3082,                 0.2301,                0.91049,               0.007426,               0.007426,               0.007426
                    133,                0.35512,                0.51052,                0.99596,                0.85851,                0.96584,                 0.9487,                0.92288,                0.31147,                0.23061,                0.91541,              0.0074062,              0.0074062,              0.0074062
                    134,                0.34368,                0.48497,                0.99086,                0.86626,                0.97164,                0.95072,                0.92355,                0.30962,                0.22842,                0.91333,              0.0073864,              0.0073864,              0.0073864
                    135,                0.34961,                 0.5011,                0.99381,                0.87077,                0.96769,                0.95271,                0.92419,                0.30691,                0.22646,                0.90968,              0.0073666,              0.0073666,              0.0073666
                    136,                 0.3486,                0.49087,                0.99176,                0.87828,                0.97115,                0.95409,                0.92884,                0.30545,                0.22459,                 0.9086,              0.0073468,              0.0073468,              0.0073468
                    137,                0.34635,                0.48371,                0.99511,                0.87239,                 0.9707,                0.95427,                0.92729,                0.30945,                0.22422,                0.91436,               0.007327,               0.007327,               0.007327
                    138,                0.34438,                0.48433,                0.99219,                 0.8825,                0.96183,                0.95578,                0.92704,                0.30928,                0.22461,                0.91445,              0.0073072,              0.0073072,              0.0073072
                    139,                0.34787,                0.48231,                0.99061,                0.87438,                0.97117,                0.95978,                0.93478,                0.30584,                0.22482,                0.91059,              0.0072874,              0.0072874,              0.0072874
                    140,                0.34957,                0.49588,                0.99671,                0.87629,                0.96327,                0.95652,                0.93012,                0.30243,                0.22244,                0.90739,              0.0072676,              0.0072676,              0.0072676
                    141,                0.34428,                0.47805,                0.99432,                 0.8743,                 0.9591,                0.95565,                0.93202,                0.30116,                0.22598,                0.90655,              0.0072478,              0.0072478,              0.0072478
                    142,                0.34734,                0.47764,                0.98926,                0.90316,                 0.9374,                0.95522,                0.93231,                0.29957,                0.22652,                0.90502,               0.007228,               0.007228,               0.007228
                    143,                0.34498,                0.47961,                0.98956,                0.90735,                 0.9303,                0.95565,                0.93273,                0.29876,                0.22527,                0.90411,              0.0072082,              0.0072082,              0.0072082
                    144,                0.34235,                0.48348,                0.99333,                0.88248,                0.96617,                0.95912,                0.93706,                0.29497,                0.22498,                0.90033,              0.0071884,              0.0071884,              0.0071884
                    145,                0.34546,                0.48585,                0.99063,                0.87328,                0.96961,                 0.9557,                0.93391,                0.29121,                0.22182,                0.89695,              0.0071686,              0.0071686,              0.0071686
                    146,                0.34332,                 0.4814,                 0.9927,                0.91289,                0.92065,                0.95576,                0.93415,                0.28848,                0.22179,                0.89424,              0.0071488,              0.0071488,              0.0071488
                    147,                0.33866,                0.47417,                0.98838,                0.91786,                 0.9243,                0.95459,                0.93257,                  0.287,                0.22254,                0.89201,               0.007129,               0.007129,               0.007129
                    148,                0.33849,                 0.4739,                0.98749,                0.89237,                0.94318,                0.95612,                0.93337,                0.28699,                 0.2213,                0.89117,              0.0071092,              0.0071092,              0.0071092
                    149,                0.33443,                0.46022,                0.98707,                0.87819,                0.95766,                0.95545,                0.93256,                0.28688,                0.22011,                0.89108,              0.0070894,              0.0070894,              0.0070894
                    150,                0.33934,                0.46779,                0.98882,                0.89554,                0.94041,                0.95831,                0.93634,                0.28683,                 0.2188,                0.89129,              0.0070696,              0.0070696,              0.0070696
                    151,                  0.334,                0.46659,                 0.9849,                0.91137,                0.93137,                0.95794,                 0.9353,                0.28669,                0.21474,                 0.8923,              0.0070498,              0.0070498,              0.0070498
                    152,                 0.3288,                0.47089,                0.98468,                0.91555,                0.92044,                0.95557,                 0.9338,                0.28612,                0.21572,                0.89286,                0.00703,                0.00703,                0.00703
                    153,                0.33203,                0.46877,                0.98488,                0.90111,                0.93289,                0.95404,                0.93267,                0.28483,                0.21651,                 0.8924,              0.0070102,              0.0070102,              0.0070102
                    154,                0.33573,                 0.4684,                0.98493,                0.88247,                0.95739,                0.95378,                 0.9324,                0.28502,                0.21598,                 0.8935,              0.0069904,              0.0069904,              0.0069904
                    155,                0.33031,                0.46991,                0.98363,                0.89867,                0.92712,                0.95357,                0.93175,                0.28368,                0.21727,                0.89271,              0.0069706,              0.0069706,              0.0069706
                    156,                0.32888,                0.45497,                0.98376,                0.86991,                0.96366,                0.95241,                0.93055,                0.28289,                0.21821,                0.89162,              0.0069508,              0.0069508,              0.0069508
                    157,                0.32875,                0.46996,                0.98591,                0.86733,                0.96586,                0.95196,                0.93018,                0.28242,                0.21765,                0.89051,               0.006931,               0.006931,               0.006931
                    158,                0.32704,                 0.4594,                0.97952,                0.86847,                0.96505,                0.95319,                 0.9319,                 0.2816,                0.21626,                0.88962,              0.0069112,              0.0069112,              0.0069112
                    159,                0.33079,                0.46102,                0.98596,                0.90569,                0.92199,                0.95352,                0.93105,                0.28091,                0.21589,                0.88784,              0.0068914,              0.0068914,              0.0068914
                    160,                0.32946,                0.46369,                0.98401,                0.86861,                0.96503,                0.95686,                0.93544,                0.27993,                0.21398,                0.88685,              0.0068716,              0.0068716,              0.0068716
                    161,                0.33027,                0.46321,                 0.9792,                0.89712,                0.92786,                0.95453,                0.93309,                0.27959,                0.21483,                0.88608,              0.0068518,              0.0068518,              0.0068518
                    162,                0.32363,                0.45053,                0.98185,                0.89618,                0.93152,                0.95609,                0.93463,                0.28078,                0.21468,                0.88756,               0.006832,               0.006832,               0.006832
                    163,                0.32313,                0.44684,                0.97926,                0.88607,                0.94613,                0.95639,                0.93485,                0.27981,                0.21389,                0.88691,              0.0068122,              0.0068122,              0.0068122
                    164,                0.31718,                0.44233,                0.97728,                0.88821,                0.94733,                0.95779,                0.93655,                0.27871,                0.21047,                0.88617,              0.0067924,              0.0067924,              0.0067924
                    165,                0.32749,                 0.4551,                0.98379,                0.89984,                0.93335,                0.95786,                0.93588,                0.27752,                0.21004,                0.88524,              0.0067726,              0.0067726,              0.0067726
                    166,                0.31898,                0.45446,                0.98206,                0.89548,                0.94571,                0.95842,                0.93757,                0.27717,                0.20992,                0.88511,              0.0067528,              0.0067528,              0.0067528
                    167,                0.31382,                0.44298,                0.97707,                0.88003,                0.95848,                0.95833,                0.93567,                0.27661,                0.20953,                0.88523,               0.006733,               0.006733,               0.006733
                    168,                0.31736,                0.45187,                0.97508,                0.87141,                0.96583,                0.95794,                0.93582,                0.27729,                0.20897,                0.88626,              0.0067132,              0.0067132,              0.0067132
                    169,                0.31387,                0.43874,                0.97925,                 0.8692,                 0.9704,                0.95907,                0.93761,                0.27731,                0.20862,                 0.8863,              0.0066934,              0.0066934,              0.0066934
                    170,                0.32033,                0.44244,                0.97743,                0.87545,                0.96405,                0.95935,                 0.9374,                0.27723,                0.20922,                0.88643,              0.0066736,              0.0066736,              0.0066736
                    171,                0.31867,                0.44892,                0.97803,                0.87994,                0.95622,                 0.9605,                0.93876,                0.27539,                0.20723,                0.88417,              0.0066538,              0.0066538,              0.0066538
                    172,                0.31537,                0.44999,                0.97504,                0.89575,                0.94404,                0.96144,                0.94022,                 0.2744,                0.20715,                 0.8836,               0.006634,               0.006634,               0.006634
                    173,                  0.316,                0.44851,                0.97561,                0.90953,                0.93234,                0.96102,                0.94058,                0.27345,                0.20624,                0.88327,              0.0066142,              0.0066142,              0.0066142
                    174,                0.31948,                0.44892,                0.97917,                0.90195,                0.93748,                0.96061,                0.93884,                0.27282,                0.20586,                0.88237,              0.0065944,              0.0065944,              0.0065944
                    175,                0.31098,                0.43401,                0.97665,                0.90063,                0.93636,                0.95957,                0.93876,                0.27221,                0.20722,                0.88204,              0.0065746,              0.0065746,              0.0065746
                    176,                0.31918,                0.45107,                0.97726,                0.90221,                0.93417,                0.95166,                0.93101,                0.27178,                0.20786,                0.88206,              0.0065548,              0.0065548,              0.0065548
                    177,                0.31577,                0.43768,                0.97497,                0.89806,                0.93865,                0.95184,                0.93166,                0.27149,                0.20772,                0.88183,               0.006535,               0.006535,               0.006535
                    178,                0.31496,                 0.4377,                0.97474,                0.90472,                0.93225,                0.95876,                0.93872,                 0.2709,                0.20724,                0.88136,              0.0065152,              0.0065152,              0.0065152
                    179,                0.31357,                0.43133,                0.97362,                0.89839,                0.94198,                 0.9594,                0.93968,                0.27075,                0.20715,                0.88117,              0.0064954,              0.0064954,              0.0064954
                    180,                0.30823,                0.43016,                0.97209,                0.91038,                0.92761,                0.95918,                 0.9393,                0.27016,                0.20654,                 0.8807,              0.0064756,              0.0064756,              0.0064756
                    181,                 0.3188,                0.45066,                0.97886,                0.92187,                0.92424,                0.95803,                0.93816,                0.26934,                 0.2069,                0.87987,              0.0064558,              0.0064558,              0.0064558
                    182,                0.31442,                 0.4355,                0.97724,                 0.9195,                0.92475,                0.95758,                0.93794,                0.26908,                0.20776,                0.88008,               0.006436,               0.006436,               0.006436
                    183,                0.30882,                0.42487,                0.97393,                0.91958,                0.92454,                0.95735,                0.93741,                0.26912,                0.20757,                0.88031,              0.0064162,              0.0064162,              0.0064162
                    184,                0.31044,                0.43884,                0.97287,                0.91911,                0.92497,                0.95791,                0.93772,                0.26916,                0.20727,                0.88026,              0.0063964,              0.0063964,              0.0063964
                    185,                0.30972,                0.43567,                 0.9765,                0.92346,                0.92132,                0.95829,                0.93825,                0.26887,                0.20793,                0.88001,              0.0063766,              0.0063766,              0.0063766
                    186,                0.30333,                0.42495,                0.97154,                0.92602,                0.92083,                0.96044,                0.94025,                0.26861,                0.20772,                0.87972,              0.0063568,              0.0063568,              0.0063568
                    187,                0.30631,                 0.4219,                0.97288,                0.92614,                0.92494,                0.95993,                0.93983,                 0.2685,                0.20811,                 0.8798,               0.006337,               0.006337,               0.006337
                    188,                0.30446,                0.42193,                 0.9719,                0.92435,                0.92603,                0.95989,                 0.9401,                0.26846,                0.20756,                0.88004,              0.0063172,              0.0063172,              0.0063172
                    189,                0.30279,                0.42402,                0.97173,                0.92547,                0.92507,                0.96005,                0.94052,                0.26835,                0.20751,                   0.88,              0.0062974,              0.0062974,              0.0062974
                    190,                0.30571,                  0.438,                0.97342,                 0.9261,                0.92759,                0.95911,                0.93963,                0.26842,                0.20701,                0.88018,              0.0062776,              0.0062776,              0.0062776
                    191,                0.30178,                0.42236,                0.97078,                0.92637,                0.92859,                 0.9615,                0.94207,                0.26865,                0.20692,                0.88082,              0.0062578,              0.0062578,              0.0062578
                    192,                0.30227,                0.43114,                0.97284,                0.92523,                0.92787,                0.96145,                0.94215,                0.26846,                0.20733,                 0.8811,               0.006238,               0.006238,               0.006238
                    193,                0.29839,                0.41759,                0.96726,                0.92546,                0.92833,                0.96226,                0.94308,                0.26817,                0.20624,                0.88121,              0.0062182,              0.0062182,              0.0062182
                    194,                0.30529,                0.43346,                0.97217,                0.92465,                0.92862,                0.96234,                0.94326,                0.26783,                0.20525,                0.88088,              0.0061984,              0.0061984,              0.0061984
                    195,                0.29418,                0.41718,                0.96582,                0.92527,                0.93033,                0.96287,                0.94385,                0.26759,                0.20474,                0.88077,              0.0061786,              0.0061786,              0.0061786
                    196,                0.29834,                0.42328,                0.96805,                0.92629,                0.93379,                0.96327,                 0.9444,                0.26704,                0.20446,                0.88061,              0.0061588,              0.0061588,              0.0061588
                    197,                0.29499,                0.41346,                0.96676,                0.92832,                0.93364,                0.96336,                0.94352,                0.26677,                 0.2048,                0.88027,               0.006139,               0.006139,               0.006139
                    198,                0.29558,                0.42283,                0.97253,                0.92669,                0.93533,                0.96295,                0.94352,                0.26631,                0.20512,                0.87995,              0.0061192,              0.0061192,              0.0061192
                    199,                0.29032,                0.40836,                0.96447,                0.92345,                0.93624,                0.96313,                0.94202,                0.26556,                0.20574,                0.87941,              0.0060994,              0.0060994,              0.0060994
                    200,                0.29058,                0.40767,                0.96495,                0.92551,                0.93622,                0.96339,                0.94374,                0.26508,                 0.2061,                0.87913,              0.0060796,              0.0060796,              0.0060796
                    201,                0.29445,                0.40563,                0.96635,                0.92243,                0.93654,                 0.9624,                 0.9415,                0.26484,                0.20693,                0.87867,              0.0060598,              0.0060598,              0.0060598
                    202,                0.29721,                0.41372,                0.96139,                0.91955,                 0.9379,                0.96312,                 0.9432,                0.26449,                0.20663,                0.87839,                0.00604,                0.00604,                0.00604
                    203,                0.29207,                0.40511,                0.96371,                0.91066,                0.94086,                  0.963,                0.94306,                0.26408,                0.20763,                0.87802,              0.0060202,              0.0060202,              0.0060202
                    204,                0.28759,                0.40429,                0.96611,                0.90642,                0.94372,                0.96314,                0.94331,                0.26362,                0.20832,                 0.8779,              0.0060004,              0.0060004,              0.0060004
                    205,                0.29001,                0.41021,                0.96227,                 0.8984,                0.95144,                0.96286,                0.94324,                0.26314,                0.20863,                0.87738,              0.0059806,              0.0059806,              0.0059806
                    206,                0.29238,                 0.4104,                0.96336,                0.89834,                0.95157,                0.96316,                0.94371,                0.26267,                0.20902,                0.87713,              0.0059608,              0.0059608,              0.0059608
                    207,                0.29007,                0.41495,                0.96479,                0.89846,                0.95581,                0.96308,                0.94365,                0.26216,                0.20842,                0.87675,               0.005941,               0.005941,               0.005941
                    208,                0.28545,                0.40661,                0.96574,                0.88975,                0.96105,                0.96319,                0.94403,                0.26156,                 0.2072,                0.87651,              0.0059212,              0.0059212,              0.0059212
                    209,                 0.2903,                0.40118,                0.96541,                0.93171,                0.92642,                0.96331,                0.94486,                0.26129,                0.20735,                0.87607,              0.0059014,              0.0059014,              0.0059014
                    210,                0.28622,                0.40014,                0.96539,                0.93233,                0.92665,                 0.9635,                0.94435,                0.26116,                0.20813,                0.87643,              0.0058816,              0.0058816,              0.0058816
                    211,                0.28646,                0.40812,                0.96463,                0.93333,                0.92627,                0.96357,                0.94493,                0.26116,                0.20855,                0.87669,              0.0058618,              0.0058618,              0.0058618
                    212,                0.28785,                0.39726,                0.96132,                0.92901,                0.92755,                0.96381,                0.94514,                0.26111,                 0.2082,                0.87692,               0.005842,               0.005842,               0.005842
                    213,                0.28437,                0.38103,                0.96218,                0.92957,                0.92786,                0.96381,                0.94452,                0.26107,                  0.208,                0.87702,              0.0058222,              0.0058222,              0.0058222
                    214,                0.28587,                0.39193,                0.96503,                0.92971,                0.92735,                0.96352,                0.94523,                0.26074,                0.20749,                0.87682,              0.0058024,              0.0058024,              0.0058024
                    215,                0.28627,                0.39894,                0.96294,                0.88828,                0.96249,                0.96355,                0.94537,                0.26041,                  0.207,                0.87691,              0.0057826,              0.0057826,              0.0057826
                    216,                0.28188,                0.39784,                0.96315,                0.92638,                0.93176,                0.96351,                0.94574,                0.26011,                0.20695,                0.87663,              0.0057628,              0.0057628,              0.0057628
                    217,                0.28063,                0.40001,                0.96014,                0.92685,                 0.9316,                0.96327,                 0.9457,                0.25964,                0.20631,                0.87631,               0.005743,               0.005743,               0.005743
                    218,                0.28464,                0.40052,                0.96561,                0.92735,                0.93207,                0.96326,                0.94513,                 0.2592,                0.20617,                0.87618,              0.0057232,              0.0057232,              0.0057232
                    219,                 0.2808,                0.38817,                0.96035,                0.92575,                0.93239,                0.96339,                0.94551,                0.25876,                0.20623,                0.87586,              0.0057034,              0.0057034,              0.0057034
                    220,                 0.2798,                0.39107,                0.95881,                0.92534,                0.93292,                0.96327,                0.94549,                0.25846,                0.20531,                0.87566,              0.0056836,              0.0056836,              0.0056836
                    221,                0.27984,                0.38489,                0.96286,                0.92526,                0.93371,                0.96327,                0.94529,                 0.2582,                0.20594,                0.87574,              0.0056638,              0.0056638,              0.0056638
                    222,                0.27952,                0.39127,                0.95944,                0.92494,                 0.9327,                0.96324,                0.94516,                  0.258,                0.20626,                0.87577,               0.005644,               0.005644,               0.005644
                    223,                0.27754,                0.38233,                0.95688,                0.88842,                0.96133,                0.96319,                0.94517,                0.25764,                0.20659,                0.87551,              0.0056242,              0.0056242,              0.0056242
                    224,                0.27796,                0.39228,                0.95824,                0.92505,                0.93305,                0.96354,                0.94531,                0.25739,                0.20712,                0.87551,              0.0056044,              0.0056044,              0.0056044
                    225,                0.27718,                0.39558,                0.96308,                0.92407,                0.93325,                0.96334,                0.94507,                0.25722,                0.20685,                0.87525,              0.0055846,              0.0055846,              0.0055846
                    226,                0.27032,                0.37486,                0.95468,                0.92374,                0.93392,                0.96359,                0.94581,                0.25713,                0.20631,                0.87508,              0.0055648,              0.0055648,              0.0055648
                    227,                0.27423,                0.38489,                0.95631,                0.92161,                0.93045,                0.96163,                0.94316,                0.25689,                0.20569,                0.87489,               0.005545,               0.005545,               0.005545
                    228,                0.27478,                0.39291,                0.95685,                0.92156,                0.93037,                0.96168,                0.94341,                0.25656,                0.20562,                0.87469,              0.0055252,              0.0055252,              0.0055252
                    229,                0.27138,                0.37648,                0.95648,                0.88911,                0.95546,                0.96169,                0.94307,                0.25626,                0.20563,                0.87453,              0.0055054,              0.0055054,              0.0055054
                    230,                0.27286,                0.38205,                0.95724,                0.89167,                0.95562,                 0.9617,                0.94348,                0.25609,                0.20571,                0.87459,              0.0054856,              0.0054856,              0.0054856
                    231,                0.27446,                0.38736,                0.95753,                0.89419,                0.95481,                0.96172,                0.94311,                0.25595,                0.20526,                0.87448,              0.0054658,              0.0054658,              0.0054658
                    232,                 0.2692,                0.37772,                0.95773,                0.89616,                0.95402,                0.96198,                0.94341,                0.25566,                0.20507,                0.87441,               0.005446,               0.005446,               0.005446
                    233,                0.26542,                0.37391,                0.95019,                0.89808,                0.95141,                 0.9624,                0.94374,                0.25535,                0.20479,                0.87416,              0.0054262,              0.0054262,              0.0054262
